product_id,product_gid,status,en_title,nl_title,en_handle,nl_handle_translation,nl_handle_effective,mismatch,en_url,nl_url,admin_url
10711298343239,gid://shopify/Product/10711298343239,ACTIVE,4-Piece Funnel Set,Trechterset 4-delig,funnel-set-4-piece,,funnel-set-4-piece,no,https://dpp-shop.com/products/funnel-set-4-piece,https://dpp-shop.com/nl/products/funnel-set-4-piece,https://dutch-performance-products.myshopify.com/admin/products/10711298343239
10711461429575,gid://shopify/Product/10711461429575,ACTIVE,AdBlue® Bulk 1000 Liter,"AdBlue® Bulk Tankwagen 1000 Liter - 0,57 per liter",adblue-bulk-tranker-truck-1000-liter,,adblue-bulk-tranker-truck-1000-liter,no,https://dpp-shop.com/products/adblue-bulk-tranker-truck-1000-liter,https://dpp-shop.com/nl/products/adblue-bulk-tranker-truck-1000-liter,https://dutch-performance-products.myshopify.com/admin/products/10711461429575
10711494033735,gid://shopify/Product/10711494033735,ACTIVE,AdBlue® Optispray Bulk 1000 Liter,"AdBlue® Optispray Bulk Tankwagen 1000 Liter – 0,66 per liter",adblue-optispray-bulk-tanker-truck-1000-liter,,adblue-optispray-bulk-tanker-truck-1000-liter,no,https://dpp-shop.com/products/adblue-optispray-bulk-tanker-truck-1000-liter,https://dpp-shop.com/nl/products/adblue-optispray-bulk-tanker-truck-1000-liter,https://dutch-performance-products.myshopify.com/admin/products/10711494033735
10711536894279,gid://shopify/Product/10711536894279,ACTIVE,Diesel Tank Funnel (Also for Anti-Siphon Valve),Trechter dieseltank (ook terugslagklep),z-8021-fuel-additive-funnel-diesel,,z-8021-fuel-additive-funnel-diesel,no,https://dpp-shop.com/products/z-8021-fuel-additive-funnel-diesel,https://dpp-shop.com/nl/products/z-8021-fuel-additive-funnel-diesel,https://dutch-performance-products.myshopify.com/admin/products/10711536894279
10711302865223,gid://shopify/Product/10711302865223,ACTIVE,Lindemann AdBlue® 10 liter - Incl. Spout! | ISO 22241 certified | AUS32,Lindemann AdBlue® 10 liter - Inclusief Schenktuit! | ISO 22241 gecertificeerd | AUS32,adblue-10-liter,,adblue-10-liter,no,https://dpp-shop.com/products/adblue-10-liter,https://dpp-shop.com/nl/products/adblue-10-liter,https://dutch-performance-products.myshopify.com/admin/products/10711302865223
10711297098055,gid://shopify/Product/10711297098055,DRAFT,Lindemann AdBlue® 1000 Liter IBC Tank,Lindemann AdBlue® 1000 Liter IBC Tank,adblue-1000-liter-ibc-tank,,adblue-1000-liter-ibc-tank,no,https://dpp-shop.com/products/adblue-1000-liter-ibc-tank,https://dpp-shop.com/nl/products/adblue-1000-liter-ibc-tank,https://dutch-performance-products.myshopify.com/admin/products/10711297098055
10711298376007,gid://shopify/Product/10711298376007,ACTIVE,Lindemann AdBlue® 1000 Liter IBC Tank + AdBlue® pump 230V,Lindemann AdBlue® 1000 Liter IBC Tank + AdBlue® pomp 230V,lindemann-adblue-1000-liter-ibc-tank-complete-pumpset,,lindemann-adblue-1000-liter-ibc-tank-complete-pumpset,no,https://dpp-shop.com/products/lindemann-adblue-1000-liter-ibc-tank-complete-pumpset,https://dpp-shop.com/nl/products/lindemann-adblue-1000-liter-ibc-tank-complete-pumpset,https://dutch-performance-products.myshopify.com/admin/products/10711298376007
10711493935431,gid://shopify/Product/10711493935431,ACTIVE,Lindemann AdBlue® 210 Liter Drum (2 pcs),Lindemann AdBlue® 210 Liter Vat (2 stuks),adblue-210-liter-drum-2-piece,,adblue-210-liter-drum-2-piece,no,https://dpp-shop.com/products/adblue-210-liter-drum-2-piece,https://dpp-shop.com/nl/products/adblue-210-liter-drum-2-piece,https://dutch-performance-products.myshopify.com/admin/products/10711493935431
10711296966983,gid://shopify/Product/10711296966983,ACTIVE,Lindemann Additive For AdBlue® 500ml,Lindemann Additive For AdBlue® 500ml,lindemann-adblue-additive,,lindemann-adblue-additive,no,https://dpp-shop.com/products/lindemann-adblue-additive,https://dpp-shop.com/nl/products/lindemann-adblue-additive,https://dutch-performance-products.myshopify.com/admin/products/10711296966983
10669283737927,gid://shopify/Product/10669283737927,ACTIVE,Lindemann Automatic Transmission Treatment 300ml,Lindemann Automatic Transmission Treatment 300ml,lindemann-automatic-transmission-treatment,,lindemann-automatic-transmission-treatment,no,https://dpp-shop.com/products/lindemann-automatic-transmission-treatment,https://dpp-shop.com/nl/products/lindemann-automatic-transmission-treatment,https://dutch-performance-products.myshopify.com/admin/products/10669283737927
10711305519431,gid://shopify/Product/10711305519431,ACTIVE,Lindemann Blue-G Multi Purpose EP Grease 400gr,Lindemann Blue-G Multi Purpose EP Grease 400gr,lindemann-blue-g-multi-purpose-ep-grease,,lindemann-blue-g-multi-purpose-ep-grease,no,https://dpp-shop.com/products/lindemann-blue-g-multi-purpose-ep-grease,https://dpp-shop.com/nl/products/lindemann-blue-g-multi-purpose-ep-grease,https://dutch-performance-products.myshopify.com/admin/products/10711305519431
10669283803463,gid://shopify/Product/10669283803463,ACTIVE,Lindemann Diesel Boost,Lindemann Diesel Boost 400ml,lindemann-diesel-boost,,lindemann-diesel-boost,no,https://dpp-shop.com/products/lindemann-diesel-boost,https://dpp-shop.com/nl/products/lindemann-diesel-boost,https://dutch-performance-products.myshopify.com/admin/products/10669283803463
10711461364039,gid://shopify/Product/10711461364039,ACTIVE,Lindemann DPF Cleaner 400ml,Lindemann DPF Cleaner 400ml,lindemann-dpf-cleaner,,lindemann-dpf-cleaner,no,https://dpp-shop.com/products/lindemann-dpf-cleaner,https://dpp-shop.com/nl/products/lindemann-dpf-cleaner,https://dutch-performance-products.myshopify.com/admin/products/10711461364039
10711304864071,gid://shopify/Product/10711304864071,ACTIVE,Lindemann DPM - Stop Leak 1L,Lindemann DPM - Stop Leak 1L,lindemann-dpm-stop-leak,,lindemann-dpm-stop-leak,no,https://dpp-shop.com/products/lindemann-dpm-stop-leak,https://dpp-shop.com/nl/products/lindemann-dpm-stop-leak,https://dutch-performance-products.myshopify.com/admin/products/10711304864071
10711293821255,gid://shopify/Product/10711293821255,ACTIVE,Lindemann DPM 1L,Lindemann DPM 1L,lindemann-dpm,,lindemann-dpm,no,https://dpp-shop.com/products/lindemann-dpm,https://dpp-shop.com/nl/products/lindemann-dpm,https://dutch-performance-products.myshopify.com/admin/products/10711293821255
10711304896839,gid://shopify/Product/10711304896839,ACTIVE,Lindemann Engine Performance Treatment 300ml,Lindemann Engine Performance Treatment 300ml,lindemann-engine-performance-treatment,,lindemann-engine-performance-treatment,no,https://dpp-shop.com/products/lindemann-engine-performance-treatment,https://dpp-shop.com/nl/products/lindemann-engine-performance-treatment,https://dutch-performance-products.myshopify.com/admin/products/10711304896839
10711494000967,gid://shopify/Product/10711494000967,ACTIVE,Lindemann EP Grease,Lindemann EP Grease,lindemann-ep-grease,,lindemann-ep-grease,no,https://dpp-shop.com/products/lindemann-ep-grease,https://dpp-shop.com/nl/products/lindemann-ep-grease,https://dutch-performance-products.myshopify.com/admin/products/10711494000967
10711266525511,gid://shopify/Product/10711266525511,ACTIVE,Lindemann Friction Free 300ML,Lindemann Friction Free 300ML,lindemann-friction-free-300ml,,lindemann-friction-free-300ml,no,https://dpp-shop.com/products/lindemann-friction-free-300ml,https://dpp-shop.com/nl/products/lindemann-friction-free-300ml,https://dutch-performance-products.myshopify.com/admin/products/10711266525511
10711537484103,gid://shopify/Product/10711537484103,ACTIVE,Lindemann Fuel Performance Treatment 5 Liter,Lindemann Fuel Performance Treatment 5 Liter,lindemann-fuel-performance-treatment-5liter,,lindemann-fuel-performance-treatment-5liter,no,https://dpp-shop.com/products/lindemann-fuel-performance-treatment-5liter,https://dpp-shop.com/nl/products/lindemann-fuel-performance-treatment-5liter,https://dutch-performance-products.myshopify.com/admin/products/10711537484103
10711493771591,gid://shopify/Product/10711493771591,ACTIVE,Lindemann Fuel System Cleaner,Lindemann Fuel System Cleaner 400ml,lindemann-fuel-system-cleaner,,lindemann-fuel-system-cleaner,no,https://dpp-shop.com/products/lindemann-fuel-system-cleaner,https://dpp-shop.com/nl/products/lindemann-fuel-system-cleaner,https://dutch-performance-products.myshopify.com/admin/products/10711493771591
10711305552199,gid://shopify/Product/10711305552199,ACTIVE,Lindemann HT-G High Temperature Grease 400gr,Lindemann HT-G High Temperature Grease 400gr,lindemann-ht-g-high-temperature-grease,,lindemann-ht-g-high-temperature-grease,no,https://dpp-shop.com/products/lindemann-ht-g-high-temperature-grease,https://dpp-shop.com/nl/products/lindemann-ht-g-high-temperature-grease,https://dutch-performance-products.myshopify.com/admin/products/10711305552199
10711305617735,gid://shopify/Product/10711305617735,ACTIVE,Lindemann HTF-G Food Grade 400gr,Lindemann HTF-G Food Grade 400gr,lindemann-htf-g-food-grade,,lindemann-htf-g-food-grade,no,https://dpp-shop.com/products/lindemann-htf-g-food-grade,https://dpp-shop.com/nl/products/lindemann-htf-g-food-grade,https://dutch-performance-products.myshopify.com/admin/products/10711305617735
10711304831303,gid://shopify/Product/10711304831303,ACTIVE,Lindemann HYD - Stop Leak 1L,Lindemann HYD - Stop Leak 1L,lindemann-hyd-stop-leak,,lindemann-hyd-stop-leak,no,https://dpp-shop.com/products/lindemann-hyd-stop-leak,https://dpp-shop.com/nl/products/lindemann-hyd-stop-leak,https://dutch-performance-products.myshopify.com/admin/products/10711304831303
10711266492743,gid://shopify/Product/10711266492743,ACTIVE,Lindemann HYD-1 1L,Lindemann HYD-1 1L,lindemann-hyd-1,,lindemann-hyd-1,no,https://dpp-shop.com/products/lindemann-hyd-1,https://dpp-shop.com/nl/products/lindemann-hyd-1,https://dutch-performance-products.myshopify.com/admin/products/10711266492743
10669283836231,gid://shopify/Product/10669283836231,ACTIVE,Lindemann Manual Gear Box Treatment 300ml,Lindemann Manual Gear Box Treatment 300ml,lindemann-manual-gear-box-treatment,,lindemann-manual-gear-box-treatment,no,https://dpp-shop.com/products/lindemann-manual-gear-box-treatment,https://dpp-shop.com/nl/products/lindemann-manual-gear-box-treatment,https://dutch-performance-products.myshopify.com/admin/products/10669283836231
10711539515719,gid://shopify/Product/10711539515719,ACTIVE,Lindemann Motor Oil 0W-20 LL 5L,Lindemann Motorolie 0W-20 LL 5L,lindemann-motorolie-0w-20-ll-5l,,lindemann-motorolie-0w-20-ll-5l,no,https://dpp-shop.com/products/lindemann-motorolie-0w-20-ll-5l,https://dpp-shop.com/nl/products/lindemann-motorolie-0w-20-ll-5l,https://dutch-performance-products.myshopify.com/admin/products/10711539515719
10711539548487,gid://shopify/Product/10711539548487,ACTIVE,Lindemann Motor Oil 0W-30 LL 5L,Lindemann Motorolie 0W-30 LL 5L,lindemann-motorolie-0w-30-ll-5l,,lindemann-motorolie-0w-30-ll-5l,no,https://dpp-shop.com/products/lindemann-motorolie-0w-30-ll-5l,https://dpp-shop.com/nl/products/lindemann-motorolie-0w-30-ll-5l,https://dutch-performance-products.myshopify.com/admin/products/10711539548487
10711539581255,gid://shopify/Product/10711539581255,ACTIVE,Lindemann Motor Oil 0W-40 LL 5L,Lindemann Motorolie 0W-40 LL 5L,lindemann-motorolie-0w-40-ll-5l,,lindemann-motorolie-0w-40-ll-5l,no,https://dpp-shop.com/products/lindemann-motorolie-0w-40-ll-5l,https://dpp-shop.com/nl/products/lindemann-motorolie-0w-40-ll-5l,https://dutch-performance-products.myshopify.com/admin/products/10711539581255
10711261249863,gid://shopify/Product/10711261249863,ACTIVE,Lindemann Motor Oil 10W-40 SL/CF B4 5L,Lindemann Motorolie 10W-40 SL/CF B4 5L,lindemann-motorolie-10w-40-sl-cf-b4-5l,,lindemann-motorolie-10w-40-sl-cf-b4-5l,no,https://dpp-shop.com/products/lindemann-motorolie-10w-40-sl-cf-b4-5l,https://dpp-shop.com/nl/products/lindemann-motorolie-10w-40-sl-cf-b4-5l,https://dutch-performance-products.myshopify.com/admin/products/10711261249863
10711538696519,gid://shopify/Product/10711538696519,ACTIVE,Lindemann Motor Oil 5W-30 LL 1L,Lindemann Motorolie 5W-30 LL 1L,lindemann-motorolie-5w-30-ll-1l,,lindemann-motorolie-5w-30-ll-1l,no,https://dpp-shop.com/products/lindemann-motorolie-5w-30-ll-1l,https://dpp-shop.com/nl/products/lindemann-motorolie-5w-30-ll-1l,https://dutch-performance-products.myshopify.com/admin/products/10711538696519
10711476502855,gid://shopify/Product/10711476502855,ACTIVE,Lindemann Motor Oil 5W-30 LL 5L,Lindemann Motorolie 5W-30 LL 5L,lindemann-motorolie-5w-30-ll-5l,,lindemann-motorolie-5w-30-ll-5l,no,https://dpp-shop.com/products/lindemann-motorolie-5w-30-ll-5l,https://dpp-shop.com/nl/products/lindemann-motorolie-5w-30-ll-5l,https://dutch-performance-products.myshopify.com/admin/products/10711476502855
10711249879367,gid://shopify/Product/10711249879367,ACTIVE,Lindemann Motor Oil 5W-40 LL 5L,Lindemann Motorolie 5W-40 LL 5L,lindemann-motorolie-5w-40-ll-5l,,lindemann-motorolie-5w-40-ll-5l,no,https://dpp-shop.com/products/lindemann-motorolie-5w-40-ll-5l,https://dpp-shop.com/nl/products/lindemann-motorolie-5w-40-ll-5l,https://dutch-performance-products.myshopify.com/admin/products/10711249879367
10711305093447,gid://shopify/Product/10711305093447,ACTIVE,Lindemann MP790 Assembly Paste 250gr,Lindemann MP790 Montagepasta 250gr,lindemann-mp790-montagepasta,,lindemann-mp790-montagepasta,no,https://dpp-shop.com/products/lindemann-mp790-montagepasta,https://dpp-shop.com/nl/products/lindemann-mp790-montagepasta,https://dutch-performance-products.myshopify.com/admin/products/10711305093447
10669283705159,gid://shopify/Product/10669283705159,ACTIVE,Lindemann Octane Boost Pro Racing 400ml,Lindemann Octane Boost Pro Racing 400ml,lindemann-octane-boost-pro-racing,,lindemann-octane-boost-pro-racing,no,https://dpp-shop.com/products/lindemann-octane-boost-pro-racing,https://dpp-shop.com/nl/products/lindemann-octane-boost-pro-racing,https://dutch-performance-products.myshopify.com/admin/products/10669283705159
10711461200199,gid://shopify/Product/10711461200199,ACTIVE,Lindemann Octane Boost Street 400ml,Lindemann Octane Boost Street 400ml,lindemann-octane-boost-street,,lindemann-octane-boost-street,no,https://dpp-shop.com/products/lindemann-octane-boost-street,https://dpp-shop.com/nl/products/lindemann-octane-boost-street,https://dutch-performance-products.myshopify.com/admin/products/10711461200199
10711304929607,gid://shopify/Product/10711304929607,ACTIVE,Lindemann Oil Stop Leak 300ml,Lindemann Oil Stop Leak 300ml,lindemann-oil-stop-leak,,lindemann-oil-stop-leak,no,https://dpp-shop.com/products/lindemann-oil-stop-leak,https://dpp-shop.com/nl/products/lindemann-oil-stop-leak,https://dutch-performance-products.myshopify.com/admin/products/10711304929607
10711304798535,gid://shopify/Product/10711304798535,ACTIVE,Lindemann Oil System Cleaner 400ml,Lindemann Oil System Cleaner 400ml,lindemann-oil-system-cleaner,,lindemann-oil-system-cleaner,no,https://dpp-shop.com/products/lindemann-oil-system-cleaner,https://dpp-shop.com/nl/products/lindemann-oil-system-cleaner,https://dutch-performance-products.myshopify.com/admin/products/10711304798535
10711304995143,gid://shopify/Product/10711304995143,ACTIVE,Lindemann Power Steering Treatment 300ml,Lindemann Power Steering Treatment 300ml,lindemann-power-steering-treatment,,lindemann-power-steering-treatment,no,https://dpp-shop.com/products/lindemann-power-steering-treatment,https://dpp-shop.com/nl/products/lindemann-power-steering-treatment,https://dutch-performance-products.myshopify.com/admin/products/10711304995143
10711305421127,gid://shopify/Product/10711305421127,ACTIVE,Lindemann PTFE Universal Spray 300ML,Lindemann PTFE Universal Spray 300ML,lindemann-ptfe-universal-spray,,lindemann-ptfe-universal-spray,no,https://dpp-shop.com/products/lindemann-ptfe-universal-spray,https://dpp-shop.com/nl/products/lindemann-ptfe-universal-spray,https://dutch-performance-products.myshopify.com/admin/products/10711305421127
10711261151559,gid://shopify/Product/10711261151559,ACTIVE,Lindemann Quick Start 300ML,Lindemann Quick Start 300ML,lindemann-quick-start-300ml,,lindemann-quick-start-300ml,no,https://dpp-shop.com/products/lindemann-quick-start-300ml,https://dpp-shop.com/nl/products/lindemann-quick-start-300ml,https://dutch-performance-products.myshopify.com/admin/products/10711261151559
10711305027911,gid://shopify/Product/10711305027911,ACTIVE,Lindemann Radiator Flush 350ml,Lindemann Radiator Flush 350ml,lindemann-radiator-block-flush,,lindemann-radiator-block-flush,no,https://dpp-shop.com/products/lindemann-radiator-block-flush,https://dpp-shop.com/nl/products/lindemann-radiator-block-flush,https://dutch-performance-products.myshopify.com/admin/products/10711305027911
10711304962375,gid://shopify/Product/10711304962375,ACTIVE,Lindemann Radiator Stop Leak 350ml,Lindemann Radiator Stop Leak 350ml,lindemann-radiator-block-stop-leak,,lindemann-radiator-block-stop-leak,no,https://dpp-shop.com/products/lindemann-radiator-block-stop-leak,https://dpp-shop.com/nl/products/lindemann-radiator-block-stop-leak,https://dutch-performance-products.myshopify.com/admin/products/10711304962375
10711305486663,gid://shopify/Product/10711305486663,ACTIVE,Lindemann Red-G Multi-Purpose Grease 400gr,Lindemann Red-G Multi-Purpose Grease 400gr,lindemann-red-g-multi-purpose-grease,,lindemann-red-g-multi-purpose-grease,no,https://dpp-shop.com/products/lindemann-red-g-multi-purpose-grease,https://dpp-shop.com/nl/products/lindemann-red-g-multi-purpose-grease,https://dutch-performance-products.myshopify.com/admin/products/10711305486663
10711550198087,gid://shopify/Product/10711550198087,ACTIVE,Lindemann Service Cleaner Benzine,Lindemann Service Cleaner Benzine 400ml,lindemann-service-cleaner-benzine,,lindemann-service-cleaner-benzine,no,https://dpp-shop.com/products/lindemann-service-cleaner-benzine,https://dpp-shop.com/nl/products/lindemann-service-cleaner-benzine,https://dutch-performance-products.myshopify.com/admin/products/10711550198087
10669283541319,gid://shopify/Product/10669283541319,ACTIVE,Lindemann Service Cleaner Diesel,Lindemann Service Cleaner Diesel 400ml,lindemann-service-cleaner-diesel,,lindemann-service-cleaner-diesel,no,https://dpp-shop.com/products/lindemann-service-cleaner-diesel,https://dpp-shop.com/nl/products/lindemann-service-cleaner-diesel,https://dutch-performance-products.myshopify.com/admin/products/10669283541319
10669283672391,gid://shopify/Product/10669283672391,ACTIVE,Lindemann Service Cleaner Hybrid 400ml (Petrol),Lindemann Service Cleaner Hybrid 400ml (Benzine),lindemann-service-cleaner-hybrid,,lindemann-service-cleaner-hybrid,no,https://dpp-shop.com/products/lindemann-service-cleaner-hybrid,https://dpp-shop.com/nl/products/lindemann-service-cleaner-hybrid,https://dutch-performance-products.myshopify.com/admin/products/10669283672391
10669283574087,gid://shopify/Product/10669283574087,ACTIVE,Lindemann Smokeless 400ml,Lindemann Smokeless 400ml,lindemann-smokeless,,lindemann-smokeless,no,https://dpp-shop.com/products/lindemann-smokeless,https://dpp-shop.com/nl/products/lindemann-smokeless,https://dutch-performance-products.myshopify.com/admin/products/10669283574087
10711322198343,gid://shopify/Product/10711322198343,ACTIVE,Lindemann Total Care Diesel 1L,Lindemann Total Care Diesel 1L,lindemann-total-care-diesel,,lindemann-total-care-diesel,no,https://dpp-shop.com/products/lindemann-total-care-diesel,https://dpp-shop.com/nl/products/lindemann-total-care-diesel,https://dutch-performance-products.myshopify.com/admin/products/10711322198343
10711537221959,gid://shopify/Product/10711537221959,ACTIVE,Lindemann Total Care Petrol 1L,Lindemann Total Care Petrol 1L (Benzine),lindemann-total-care-petrol-1l,,lindemann-total-care-petrol-1l,no,https://dpp-shop.com/products/lindemann-total-care-petrol-1l,https://dpp-shop.com/nl/products/lindemann-total-care-petrol-1l,https://dutch-performance-products.myshopify.com/admin/products/10711537221959
10711304765767,gid://shopify/Product/10711304765767,ACTIVE,Lindemann Worn Engine Treatment,Lindemann Worn Engine Treatment 300ml,lindemann-worn-engine-treatment,,lindemann-worn-engine-treatment,no,https://dpp-shop.com/products/lindemann-worn-engine-treatment,https://dpp-shop.com/nl/products/lindemann-worn-engine-treatment,https://dutch-performance-products.myshopify.com/admin/products/10711304765767
10711536861511,gid://shopify/Product/10711536861511,ACTIVE,Petrol Tank Funnel (Also for Anti-Siphon Valve),Trechter benzinetank (ook terugslagklep),z-8020-fuel-additive-funnel-petrol,,z-8020-fuel-additive-funnel-petrol,no,https://dpp-shop.com/products/z-8020-fuel-additive-funnel-petrol,https://dpp-shop.com/nl/products/z-8020-fuel-additive-funnel-petrol,https://dutch-performance-products.myshopify.com/admin/products/10711536861511
10735322136903,gid://shopify/Product/10735322136903,DRAFT,Velorest 3-Pack Microfiber Cloth,Velorest 3-Pack Microfiber Cloth,velorest-3-pack-microfiber-cloth,,velorest-3-pack-microfiber-cloth,no,https://dpp-shop.com/products/velorest-3-pack-microfiber-cloth,https://dpp-shop.com/nl/products/velorest-3-pack-microfiber-cloth,https://dutch-performance-products.myshopify.com/admin/products/10735322136903
10711322296647,gid://shopify/Product/10711322296647,DRAFT,Velorest 3-Pack Premium Microfiber Cloth - 350 GSM,Velorest 3-Pack Premium Microfiber Cloth - 350 GSM,velorest-3-pack-premium-microfiber-cloth-350-gsm,,velorest-3-pack-premium-microfiber-cloth-350-gsm,no,https://dpp-shop.com/products/velorest-3-pack-premium-microfiber-cloth-350-gsm,https://dpp-shop.com/nl/products/velorest-3-pack-premium-microfiber-cloth-350-gsm,https://dutch-performance-products.myshopify.com/admin/products/10711322296647
10711305257287,gid://shopify/Product/10711305257287,ACTIVE,Velorest Bike Clean Bundle,Velorest Bike Clean Bundle,velorest-bike-clean-bundle,,velorest-bike-clean-bundle,no,https://dpp-shop.com/products/velorest-bike-clean-bundle,https://dpp-shop.com/nl/products/velorest-bike-clean-bundle,https://dutch-performance-products.myshopify.com/admin/products/10711305257287
10711301095751,gid://shopify/Product/10711301095751,ACTIVE,Velorest Bike Cleaner 500ML,Velorest Bike Cleaner 500ML - Fiets reiniger,velorest-bike-cleaner-500ml,,velorest-bike-cleaner-500ml,no,https://dpp-shop.com/products/velorest-bike-cleaner-500ml,https://dpp-shop.com/nl/products/velorest-bike-cleaner-500ml,https://dutch-performance-products.myshopify.com/admin/products/10711301095751
10711305584967,gid://shopify/Product/10711305584967,ACTIVE,Velorest Chain Care Bundle,Velorest Chain Care Bundle - Ketting schoonmaakset,velorest-chain-care-bundle,,velorest-chain-care-bundle,no,https://dpp-shop.com/products/velorest-chain-care-bundle,https://dpp-shop.com/nl/products/velorest-chain-care-bundle,https://dutch-performance-products.myshopify.com/admin/products/10711305584967
10711261118791,gid://shopify/Product/10711261118791,ACTIVE,Velorest Chain Claw Brush,Velorest Chain Claw Brush,velorest-chain-claw-brush,,velorest-chain-claw-brush,no,https://dpp-shop.com/products/velorest-chain-claw-brush,https://dpp-shop.com/nl/products/velorest-chain-claw-brush,https://dutch-performance-products.myshopify.com/admin/products/10711261118791
10711305224519,gid://shopify/Product/10711305224519,ACTIVE,Velorest Chain Cleaner 500 ml,Velorest Chain Cleaner 500 ml - Kettingreiniger,velorest-chain-cleaner-500ml,,velorest-chain-cleaner-500ml,no,https://dpp-shop.com/products/velorest-chain-cleaner-500ml,https://dpp-shop.com/nl/products/velorest-chain-cleaner-500ml,https://dutch-performance-products.myshopify.com/admin/products/10711305224519
10711305453895,gid://shopify/Product/10711305453895,ACTIVE,Velorest Chain Lube Wet 100ML,Velorest Chain Lube Wet 100ML,velorest-chain-lube-wet-100ml,,velorest-chain-lube-wet-100ml,no,https://dpp-shop.com/products/velorest-chain-lube-wet-100ml,https://dpp-shop.com/nl/products/velorest-chain-lube-wet-100ml,https://dutch-performance-products.myshopify.com/admin/products/10711305453895
10711298441543,gid://shopify/Product/10711298441543,ACTIVE,Velorest Daily Microfiber Cloth,Velorest Daily Microfiber Cloth,velorest-daily-microfiber-cloth,,velorest-daily-microfiber-cloth,no,https://dpp-shop.com/products/velorest-daily-microfiber-cloth,https://dpp-shop.com/nl/products/velorest-daily-microfiber-cloth,https://dutch-performance-products.myshopify.com/admin/products/10711298441543
10711288480071,gid://shopify/Product/10711288480071,ACTIVE,Velorest De-Icer 500ml,Velorest De-Icer 500ml - Ruitontdooier,velorest-de-icer-500ml,,velorest-de-icer-500ml,no,https://dpp-shop.com/products/velorest-de-icer-500ml,https://dpp-shop.com/nl/products/velorest-de-icer-500ml,https://dutch-performance-products.myshopify.com/admin/products/10711288480071
10711298310471,gid://shopify/Product/10711298310471,ACTIVE,Velorest Detailing Brush,Velorest Detailing Brush,velorest-detailing-brush,,velorest-detailing-brush,no,https://dpp-shop.com/products/velorest-detailing-brush,https://dpp-shop.com/nl/products/velorest-detailing-brush,https://dutch-performance-products.myshopify.com/admin/products/10711298310471
10711536763207,gid://shopify/Product/10711536763207,ACTIVE,Velorest Drying Towel XL - 1000 GSM | 70x50cm,Velorest Drying Towel XL - 1000 GSM | 70x50cm,velorest-drying-towel-600gsm,,velorest-drying-towel-600gsm,no,https://dpp-shop.com/products/velorest-drying-towel-600gsm,https://dpp-shop.com/nl/products/velorest-drying-towel-600gsm,https://dutch-performance-products.myshopify.com/admin/products/10711536763207
10711305290055,gid://shopify/Product/10711305290055,ACTIVE,Velorest Glass Cleaner 500ml,Velorest Glass Cleaner 500 ml,velorest-glass-cleaner-500ml,,velorest-glass-cleaner-500ml,no,https://dpp-shop.com/products/velorest-glass-cleaner-500ml,https://dpp-shop.com/nl/products/velorest-glass-cleaner-500ml,https://dutch-performance-products.myshopify.com/admin/products/10711305290055
10711249813831,gid://shopify/Product/10711249813831,ACTIVE,Velorest Glass Towel,Velorest Glass Towel,velorest-glass-towel,,velorest-glass-towel,no,https://dpp-shop.com/products/velorest-glass-towel,https://dpp-shop.com/nl/products/velorest-glass-towel,https://dutch-performance-products.myshopify.com/admin/products/10711249813831
10711305650503,gid://shopify/Product/10711305650503,ACTIVE,Velorest Interior Cleaner 500ml,Velorest Interior Cleaner 500 ml,velorest-interior-cleaner-500ml,,velorest-interior-cleaner-500ml,no,https://dpp-shop.com/products/velorest-interior-cleaner-500ml,https://dpp-shop.com/nl/products/velorest-interior-cleaner-500ml,https://dutch-performance-products.myshopify.com/admin/products/10711305650503
10711305322823,gid://shopify/Product/10711305322823,ACTIVE,Velorest Perfect Shampoo 500 ml,Velorest Perfect Shampoo 500 ml - Autoshampoo,velorest-perfect-shampoo-500ml,,velorest-perfect-shampoo-500ml,no,https://dpp-shop.com/products/velorest-perfect-shampoo-500ml,https://dpp-shop.com/nl/products/velorest-perfect-shampoo-500ml,https://dutch-performance-products.myshopify.com/admin/products/10711305322823
10711461331271,gid://shopify/Product/10711461331271,ACTIVE,Velorest Premium Drying Towel XXL | 1100 GSM | 90x70cm,Velorest Premium Drying Towel XXL | 1100 GSM | 90x70cm,velorest-premium-drying-towel-1000gsm,,velorest-premium-drying-towel-1000gsm,no,https://dpp-shop.com/products/velorest-premium-drying-towel-1000gsm,https://dpp-shop.com/nl/products/velorest-premium-drying-towel-1000gsm,https://dutch-performance-products.myshopify.com/admin/products/10711461331271
10711539777863,gid://shopify/Product/10711539777863,ACTIVE,Velorest Premium Microfiber Cloth - 350 GSM,Velorest Premium Microfiber Cloth - 350 GSM,velorest-premium-microfiber-cloth-350-gsm,,velorest-premium-microfiber-cloth-350-gsm,no,https://dpp-shop.com/products/velorest-premium-microfiber-cloth-350-gsm,https://dpp-shop.com/nl/products/velorest-premium-microfiber-cloth-350-gsm,https://dutch-performance-products.myshopify.com/admin/products/10711539777863
10711249781063,gid://shopify/Product/10711249781063,ACTIVE,Velorest Screen Wash Summer 5L,Velorest Screen Wash Summer 5L - Ruitenwisservloeistof Kant & Klaar,velorest-screen-wash-summer-5l,,velorest-screen-wash-summer-5l,no,https://dpp-shop.com/products/velorest-screen-wash-summer-5l,https://dpp-shop.com/nl/products/velorest-screen-wash-summer-5l,https://dutch-performance-products.myshopify.com/admin/products/10711249781063
10711295197511,gid://shopify/Product/10711295197511,ACTIVE,Velorest Screen Wash Winter 5L - Ready for Use,Velorest Screen Wash Winter 5L - Ruitenwisservloeistof Kant & Klaar,velorest-screen-wash-winter-5l,,velorest-screen-wash-winter-5l,no,https://dpp-shop.com/products/velorest-screen-wash-winter-5l,https://dpp-shop.com/nl/products/velorest-screen-wash-winter-5l,https://dutch-performance-products.myshopify.com/admin/products/10711295197511
10711536992583,gid://shopify/Product/10711536992583,ACTIVE,Velorest Soft Washing Brush,Velorest Soft Washing Brush,velorest-soft-washing-brush,,velorest-soft-washing-brush,no,https://dpp-shop.com/products/velorest-soft-washing-brush,https://dpp-shop.com/nl/products/velorest-soft-washing-brush,https://dutch-performance-products.myshopify.com/admin/products/10711536992583
10711305355591,gid://shopify/Product/10711305355591,ACTIVE,Velorest Tire & Wheel Cleaner 500 ml,Velorest Tire & Wheel Cleaner 500 ml,velorest-tire-and-wheel-cleaner-500ml,,velorest-tire-and-wheel-cleaner-500ml,no,https://dpp-shop.com/products/velorest-tire-and-wheel-cleaner-500ml,https://dpp-shop.com/nl/products/velorest-tire-and-wheel-cleaner-500ml,https://dutch-performance-products.myshopify.com/admin/products/10711305355591
10711305388359,gid://shopify/Product/10711305388359,ACTIVE,Velorest Total Bundle,Velorest Total Bundle - Fiets schoonmaakset,velorest-total-bundle,,velorest-total-bundle,no,https://dpp-shop.com/products/velorest-total-bundle,https://dpp-shop.com/nl/products/velorest-total-bundle,https://dutch-performance-products.myshopify.com/admin/products/10711305388359
